No., Name, Date, Day, Office In, Office Out, Lunch In, Lunch Out, Work Hours, Ip, Location, Puncuality, Late reason, Daily report  
1, Theme Review, January 01 2020, Monday, 10:51 AM, 06:00 PM, 02:00 PM, 02:30 PM, 08:00:00, 192.168.23.1, location, Late,late reson text, report text
2, Theme Review, January 02 2020, Tuesday, 5:51 PM, 06:00 PM, 02:00 PM, 02:30 PM, 08:00:00, 192.168.23.1, location, Late, late reson text,report text
3, Theme Review, January 03 2020, Wednesday, 10:51 AM, 06:00 PM, 02:00 PM, 02:30 PM, 08:00:00, 192.168.23.1, location, Late, late reson text,report text
4, Theme Review, January 04 2020, Thursday, 5:51 PM, 06:00 PM, 02:00 PM, 02:30 PM, 08:00:00, 192.168.23.1, location, Late, late reson text,report text
5, Theme Review, January 05 2020, Friday, 5:51 PM, 06:00 PM, 02:00 PM, 02:30 PM, 08:00:00, 192.168.23.1, location, Late, late reson text,report text
6, Theme Review, January 06 2020, Sunday, 5:51 PM, 06:00 PM, 02:00 PM, 02:30 PM, 08:00:00, 192.168.23.1, location, Late, late reson text,report text